Hero ID,Nama Hero,Win Rate,Pick Rate,Ban Rate,Speciality,Rank Filter,Timeframe,Data Date,Image URL
109,Aamon,53.34%,1.04%,50.16%,"Chase, Magic Damage",ALL,Past 1 day,2025-12-18T13:00:26.000Z,https://akmweb.youngjoygame.com/web/svnres/img/mlbb/homepage/100_b3a7602fe7ffd1e54bf8ea79ceadfa72.png
9,Akai,49.35%,0.43%,1.62%,"Guard, Crowd Control",ALL,Past 1 day,2025-12-18T13:00:26.000Z,https://akmweb.youngjoygame.com/web/svnres/img/mlbb/homepage/100_28f223447f0174336ff0922d364d81d3.png
64,Aldous,48.65%,0.4%,0.56%,"Burst, Support",ALL,Past 1 day,2025-12-18T13:00:26.000Z,https://akmweb.youngjoygame.com/web/svnres/img/mlbb/homepage/100_0eb32187d08f14779585a8be53b83f01.png
4,Alice,51.42%,0.82%,36.09%,"Charge, Regen",ALL,Past 1 day,2025-12-18T13:00:26.000Z,https://akmweb.youngjoygame.com/web/svnres/img/mlbb/homepage_2_1_18/100_18300163a5a912a84adb52b8d59b4618.png
28,Alpha,50.61%,1.8%,2.37%,"Charge, Damage",ALL,Past 1 day,2025-12-18T13:00:26.000Z,https://akmweb.youngjoygame.com/web/svnres/img/mlbb/homepage/100_86c9f91f530727db6498f920d19180d1.png
7,Alucard,51.48%,1.12%,5.98%,"Chase, Damage",ALL,Past 1 day,2025-12-18T13:00:26.000Z,https://akmweb.youngjoygame.com/web/svnres/img/mlbb/homepage/100_0f51b6906e08897aa02330d65b0deeac.png
55,Angela,51.9%,1.68%,39.82%,"Guard, Support",ALL,Past 1 day,2025-12-18T13:00:26.000Z,https://akmweb.youngjoygame.com/web/svnres/img/mlbb/homepage/100_c7e0183956b2c2fd6d3fa0b18fe46917.png
45,Argus,53.67%,0.42%,2.49%,"Charge, Burst",ALL,Past 1 day,2025-12-18T13:00:26.000Z,https://akmweb.youngjoygame.com/web/svnres/img/mlbb/homepage/100_0bd96658e5b8ec578226ea1622bd7231.png
120,Arlott,46.84%,0.7%,4.51%,"Charge, Burst",ALL,Past 1 day,2025-12-18T13:00:26.000Z,https://akmweb.youngjoygame.com/web/svnres/img/mlbb/homepage/100_f666faa5ec6be5353f10dcd1d8997a42.png
93,Atlas,51.36%,0.36%,4.01%,"Crowd Control, Initiator",ALL,Past 1 day,2025-12-18T13:00:26.000Z,https://akmweb.youngjoygame.com/web/svnres/img/mlbb/homepage/100_d974ac796678180ff8724b88e192898b.png
108,Aulus,53.6%,0.18%,0.27%,"Damage, Crowd Control",ALL,Past 1 day,2025-12-18T13:00:26.000Z,https://akmweb.youngjoygame.com/web/svnres/img/mlbb/homepage/100_40839957990dbb59a9e5ec4da9f85a8e.png
36,Aurora,48.26%,0.36%,0.22%,"Crowd Control, Poke",ALL,Past 1 day,2025-12-18T13:00:26.000Z,https://akmweb.youngjoygame.com/web/svnres/img/mlbb/homepage/100_f9b2be0150361018bb98f941b9667c42.png
77,Badang,50.29%,0.99%,1.46%,"Charge, Burst",ALL,Past 1 day,2025-12-18T13:00:26.000Z,https://akmweb.youngjoygame.com/web/svnres/img/mlbb/homepage/100_9fb1784545a48aef42241fc7a719c575.png
2,Balmond,44.26%,0.47%,0.47%,"Damage, Regen",ALL,Past 1 day,2025-12-18T13:00:26.000Z,https://akmweb.youngjoygame.com/web/svnres/img/mlbb/homepage_2_1_18_2/100_df9a6990b1946d045e4d3a46c90725cf.png
11,Bane,51.67%,0.52%,1.36%,"Push, Burst",ALL,Past 1 day,2025-12-18T13:00:26.000Z,https://akmweb.youngjoygame.com/web/svnres/img/mlbb/homepage/100_7e4e74bb161da0f477cc0d1819fa39e6.png
99,Barats,49.82%,0.09%,0.12%,"Damage, Crowd Control",ALL,Past 1 day,2025-12-18T13:00:26.000Z,https://akmweb.youngjoygame.com/web/svnres/img/mlbb/homepage/100_6495be044c2d28106e200f6918391d54.png
87,Baxia,49.59%,0.19%,0.33%,"Support, Damage",ALL,Past 1 day,2025-12-18T13:00:26.000Z,https://akmweb.youngjoygame.com/web/svnres/img/mlbb/homepage/100_80e408203869ca99302af195ac4f756c.png
105,Beatrix,48.43%,0.56%,0.28%,"Finisher, Damage",ALL,Past 1 day,2025-12-18T13:00:26.000Z,https://akmweb.youngjoygame.com/web/svnres/img/mlbb/homepage/100_4687eca874feec9017b448a0b9110d65.png
70,Belerick,51.09%,1%,9.8%,"Crowd Control, Regen",ALL,Past 1 day,2025-12-18T13:00:26.000Z,https://akmweb.youngjoygame.com/web/svnres/img/mlbb/homepage/100_5f2a9eca0bafd4ed8dc39a93c771b3af.png
97,Benedetta,50.52%,0.54%,0.59%,"Chase, Burst",ALL,Past 1 day,2025-12-18T13:00:26.000Z,https://akmweb.youngjoygame.com/web/svnres/img/mlbb/homepage/100_b4a5e537894bdc00787e80e4d3ada5dd.png
100,Brody,51.01%,0.52%,0.5%,"Burst, Finisher",ALL,Past 1 day,2025-12-18T13:00:26.000Z,https://akmweb.youngjoygame.com/web/svnres/img/mlbb/homepage/100_f18e45a9a4cb45897e1f614593ff4497.png
12,Bruno,48.44%,0.19%,0.13%,"Finisher, Burst",ALL,Past 1 day,2025-12-18T13:00:26.000Z,https://akmweb.youngjoygame.com/web/svnres/img/mlbb/homepage/100_ff39deb9c6afec3d977fdbe9d86f78cb.png
92,Carmilla,50.69%,0.51%,3.06%,"Crowd Control, Damage",ALL,Past 1 day,2025-12-18T13:00:26.000Z,https://akmweb.youngjoygame.com/web/svnres/img/mlbb/homepage/100_6fb8f120dafdcbc1b5da2a2667016ad5.png
91,Cecilion,51.62%,1.2%,0.86%,"Poke, Burst",ALL,Past 1 day,2025-12-18T13:00:26.000Z,https://akmweb.youngjoygame.com/web/svnres/img/mlbb/homepage/100_045399c265021d47da6512e6de20b64f.png
61,Chang'e,50.5%,1.19%,1.92%,"Poke, Burst",ALL,Past 1 day,2025-12-18T13:00:26.000Z,https://akmweb.youngjoygame.com/web/svnres/img/mlbb/homepage/100_46cfe9c30e8a14f85b4d022496aca274.png
124,Chip,46.15%,0.05%,11.58%,"Support, Crowd Control",ALL,Past 1 day,2025-12-18T13:00:26.000Z,https://akmweb.youngjoygame.com/web/svnres/img/mlbb/homepage/100_79224d297f14377ad2eda8543432330d.png
26,Chou,44%,1.01%,2.42%,"Chase, Control",ALL,Past 1 day,2025-12-18T13:00:26.000Z,https://akmweb.youngjoygame.com/web/svnres/img/mlbb/homepage/100_158209b180032c4564b8f3bde8c48888.png
123,Cici,50.31%,1.08%,23.23%,"Damage, Regen",ALL,Past 1 day,2025-12-18T13:00:26.000Z,https://akmweb.youngjoygame.com/web/svnres/img/mlbb/homepage/100_60e3e11da30f404c77fff9e22d3bdc72.png
65,Claude,47.22%,0.67%,0.29%,"Burst, Chase",ALL,Past 1 day,2025-12-18T13:00:26.000Z,https://akmweb.youngjoygame.com/web/svnres/img/mlbb/homepage/100_e1097b9d3e1d5e9f14600d32e8b18acd.png
13,Clint,50.21%,1.01%,1.33%,"Finisher, Burst",ALL,Past 1 day,2025-12-18T13:00:26.000Z,https://akmweb.youngjoygame.com/web/svnres/img/mlbb/homepage/100_5a8345c69a4c9c611fdfce91089fe74a.png
33,Cyclops,51.48%,1.17%,0.99%,"Damage, Control",ALL,Past 1 day,2025-12-18T13:00:26.000Z,https://akmweb.youngjoygame.com/web/svnres/img/mlbb/homepage/100_68da456f9c01b2f88d29ee320db181ed.png
48,Diggie,53.85%,0.27%,64.92%,"Guard, Poke",ALL,Past 1 day,2025-12-18T13:00:26.000Z,https://akmweb.youngjoygame.com/web/svnres/img/mlbb/homepage/100_b1bdf46136cb8a7903dae6d58e8349cb.png
85,Dyrroth,45%,0.95%,0.89%,"Charge, Burst",ALL,Past 1 day,2025-12-18T13:00:26.000Z,https://akmweb.youngjoygame.com/web/svnres/img/mlbb/homepage_2_1_18/100_8ec13b59871b2862d773beac2d69fa3e.png
111,Edith,51.52%,0.21%,0.13%,"Control, Burst",ALL,Past 1 day,2025-12-18T13:00:26.000Z,https://akmweb.youngjoygame.com/web/svnres/img/mlbb/homepage/100_daab57918de01a6d5bb2ed6f45808a7e.png
81,Esmeralda,46.28%,0.68%,1.53%,"Regen, Mixed Damage",ALL,Past 1 day,2025-12-18T13:00:26.000Z,https://akmweb.youngjoygame.com/web/svnres/img/mlbb/homepage/100_4661a64a2c6b724e7b67032fcbface27.png
34,Estes,51.39%,0.57%,33.55%,"Regen, Guard",ALL,Past 1 day,2025-12-18T13:00:26.000Z,https://akmweb.youngjoygame.com/web/svnres/img/mlbb/homepage/100_ff4de3b0aabd1d2f6e184db1c831f6a9.png
15,Eudora,49.53%,0.78%,2.92%,"Control, Burst",ALL,Past 1 day,2025-12-18T13:00:26.000Z,https://akmweb.youngjoygame.com/web/svnres/img/mlbb/homepage/100_60956060c4cbb86f3c6343da05b70568.png
17,Fanny,40.64%,0.7%,8.5%,"Chase, Finisher",ALL,Past 1 day,2025-12-18T13:00:26.000Z,https://akmweb.youngjoygame.com/web/svnres/img/mlbb/homepage/100_3391df36d6dcc54dd1c417098e15ec59.png
76,Faramis,51.11%,0.13%,0.74%,"Guard, Charge",ALL,Past 1 day,2025-12-18T13:00:26.000Z,https://akmweb.youngjoygame.com/web/svnres/img/mlbb/homepage/100_04e575d648d7f7ac1174f4369595c3a2.png
112,Floryn,53.61%,1.03%,61.59%,"Poke, Guard",ALL,Past 1 day,2025-12-18T13:00:26.000Z,https://akmweb.youngjoygame.com/web/svnres/img/mlbb/homepage/100_5a57b91e4914cf071a3849e352e530a5.png
10,Franco,46.13%,2%,10.21%,"Initiator, Control",ALL,Past 1 day,2025-12-18T13:00:26.000Z,https://akmweb.youngjoygame.com/web/svnres/img/mlbb/homepage/100_2928027062e3c2a97bc3fd4a84897012.png
117,Fredrinn,52.1%,1.01%,17.18%,"Damage, Chase",ALL,Past 1 day,2025-12-18T13:00:26.000Z,https://akmweb.youngjoygame.com/web/svnres/img/mlbb/homepage/100_dea170bfd5f26c41fb04e5edf72afedb.png
22,Freya,50.43%,0.54%,2.19%,"Chase, Damage",ALL,Past 1 day,2025-12-18T13:00:26.000Z,https://akmweb.youngjoygame.com/web/svnres/img/mlbb/homepage_2_1_18_2/100_b9c34c88762ca8e66ccd4d84071bf0bc.png
41,Gatotkaca,51.06%,1.53%,2.16%,"Crowd Control, Burst",ALL,Past 1 day,2025-12-18T13:00:26.000Z,https://akmweb.youngjoygame.com/web/svnres/img/mlbb/homepage/100_96f9dbbc096e0f0a28f9b9e587d06a9c.png
104,Gloo,55.69%,0.62%,51.14%,"Regen, Control",ALL,Past 1 day,2025-12-18T13:00:26.000Z,https://akmweb.youngjoygame.com/web/svnres/img/mlbb/homepage_1_9_642/100_c472fe0233e5ef84a3ac9ba4a229d09f.png
23,Gord,52.1%,0.55%,0.34%,"Poke, Burst",ALL,Past 1 day,2025-12-18T13:00:26.000Z,https://akmweb.youngjoygame.com/web/svnres/img/mlbb/homepage_1_9_47/100_9513f5e10ec33f76747732eaf2082259.png
79,Granger,45.68%,2.98%,13.16%,"Burst, Finisher",ALL,Past 1 day,2025-12-18T13:00:26.000Z,https://akmweb.youngjoygame.com/web/svnres/img/mlbb/homepage_1_9_22/100_a7729262d5b4abdc34ae5181e964c235.png
44,Grock,49.33%,0.99%,32.51%,"Crowd Control, Initiator",ALL,Past 1 day,2025-12-18T13:00:26.000Z,https://akmweb.youngjoygame.com/web/svnres/img/mlbb/homepage_1_9_902/100_f8b8c8964d3202b7b762947ac96f1ed3.png
80,Guinevere,50.06%,1.1%,2.74%,"Burst, Magic Damage",ALL,Past 1 day,2025-12-18T13:00:26.000Z,https://akmweb.youngjoygame.com/web/svnres/img/mlbb/homepage/100_901bdd5d4432a2c0290dfc71df615a5a.png
56,Gusion,48.59%,1.78%,10.41%,"Burst, Magic Damage",ALL,Past 1 day,2025-12-18T13:00:26.000Z,https://akmweb.youngjoygame.com/web/svnres/img/mlbb/homepage/100_c6cd232de60da5372a7101a203e56554.png
60,Hanabi,53.28%,2.38%,3.09%,"Finisher, Damage",ALL,Past 1 day,2025-12-18T13:00:26.000Z,https://akmweb.youngjoygame.com/web/svnres/img/mlbb/homepage/100_8a9c1966feb34e85d7bdcc1ed01ffb5d.png
69,Hanzo,50.87%,0.31%,4.02%,"Poke, Burst",ALL,Past 1 day,2025-12-18T13:00:26.000Z,https://akmweb.youngjoygame.com/web/svnres/img/mlbb/homepage_1_9_47/100_d2d28d2fcb060726fa27553920ca1a33.png
73,Harith,45.14%,0.24%,0.12%,"Chase, Damage",ALL,Past 1 day,2025-12-18T13:00:26.000Z,https://akmweb.youngjoygame.com/web/svnres/img/mlbb/homepage/100_d228a823b477fdf6c458c829c2e62bcf.png
42,Harley,49.91%,1.23%,7.91%,"Burst, Poke",ALL,Past 1 day,2025-12-18T13:00:26.000Z,https://akmweb.youngjoygame.com/web/svnres/img/mlbb/homepage/100_3aa6964c07a70f9b125da447f320e1ac.png
21,Hayabusa,50.15%,1.1%,48.2%,"Chase, Burst",ALL,Past 1 day,2025-12-18T13:00:26.000Z,https://akmweb.youngjoygame.com/web/svnres/img/mlbb/homepage/100_9cc074562291a02644a0ddae28eeaa42.png
51,Helcurt,51.32%,1.05%,15.35%,"Push, Burst",ALL,Past 1 day,2025-12-18T13:00:26.000Z,https://akmweb.youngjoygame.com/web/svnres/img/mlbb/homepage/100_6abf0c552b59b8ca4cbc1af3662ef176.png
35,Hilda,53.18%,1.09%,19.66%,"Damage, Regen",ALL,Past 1 day,2025-12-18T13:00:26.000Z,https://akmweb.youngjoygame.com/web/svnres/img/mlbb/homepage/100_acd700708dc515f5c63a08f8835a9941.png
49,Hylos,48.1%,0.33%,1.7%,"Guard, Initiator",ALL,Past 1 day,2025-12-18T13:00:26.000Z,https://akmweb.youngjoygame.com/web/svnres/img/mlbb/homepage/100_195ad9af866afaab415ae23a6be13b45.png
43,Irithel,54.39%,0.78%,1.27%,"Finisher, Burst",ALL,Past 1 day,2025-12-18T13:00:26.000Z,https://akmweb.youngjoygame.com/web/svnres/img/mlbb/homepage/100_a7c51b517dbce49dac4e537bd4ab4f87.png
121,Ixia,54.04%,1.59%,11%,"Finisher, Damage",ALL,Past 1 day,2025-12-18T13:00:26.000Z,https://akmweb.youngjoygame.com/web/svnres/img/mlbb/homepage/100_f070d82521ecd2e14d4ef3f25880830a.png
54,Jawhead,47.88%,0.46%,0.37%,"Charge, Burst",ALL,Past 1 day,2025-12-18T13:00:26.000Z,https://akmweb.youngjoygame.com/web/svnres/img/mlbb/homepage/100_bd87c30b6c7de6ae3b5aa56162c48c8b.png
32,Johnson,47.38%,0.8%,2.43%,"Support, Crowd Control",ALL,Past 1 day,2025-12-18T13:00:26.000Z,https://akmweb.youngjoygame.com/web/svnres/img/mlbb/homepage/100_85ff988c6660b4d04f8dd3d40df988bb.png
118,Joy,47.96%,0.49%,3.42%,"Chase, Damage",ALL,Past 1 day,2025-12-18T13:00:26.000Z,https://akmweb.youngjoygame.com/web/svnres/img/mlbb/homepage/100_d3a3a55c22000ae78732fed8cba2efef.png
116,Julian,51.46%,1.2%,5.28%,"Chase, Magic Damage",ALL,Past 1 day,2025-12-18T13:00:26.000Z,https://akmweb.youngjoygame.com/web/svnres/img/mlbb/homepage/100_5511ddc0ad2789b525f32ef572b017eb.png
75,Kadita,52.31%,0.89%,3.29%,"Burst, Charge",ALL,Past 1 day,2025-12-18T13:00:26.000Z,https://akmweb.youngjoygame.com/web/svnres/img/mlbb/homepage/100_42b40ae7741d2eb81148c8f1e1ff614c.png
25,Kagura,50.39%,0.7%,1.24%,"Poke, Finisher",ALL,Past 1 day,2025-12-18T13:00:26.000Z,https://akmweb.youngjoygame.com/web/svnres/img/mlbb/homepage/100_da424b020b8ac8235d64a1b8a09aa749.png
62,Kaja,51.26%,0.11%,0.4%,"Control, Charge",ALL,Past 1 day,2025-12-18T13:00:26.000Z,https://akmweb.youngjoygame.com/web/svnres/img/mlbb/homepage/100_a23983833ad5bee7c83422c8ff727115.png
128,Kalea,47.04%,0.32%,8.78%,"Control, Regen",ALL,Past 1 day,2025-12-18T13:00:26.000Z,https://akmweb.youngjoygame.com/web/svnres/img/mlbb/homepage_1_9_64/100_4f3d4649e301c76daf20bd8811f3095c.png
8,Karina,47.12%,0.49%,2.81%,"Finisher, Magic Damage",ALL,Past 1 day,2025-12-18T13:00:26.000Z,https://akmweb.youngjoygame.com/web/svnres/img/mlbb/homepage/100_f49394186dc0e55d545da8377be83280.png
40,Karrie,48.95%,0.56%,0.49%,"Finisher, Damage",ALL,Past 1 day,2025-12-18T13:00:26.000Z,https://akmweb.youngjoygame.com/web/svnres/img/mlbb/homepage/100_294576f2bd0dcbcc9041031969d0eb09.png
98,Khaleed,51.14%,0.28%,0.49%,"Damage, Regen",ALL,Past 1 day,2025-12-18T13:00:26.000Z,https://akmweb.youngjoygame.com/web/svnres/img/mlbb/homepage/100_540a6a9d343842674ce002082366ec9d.png
78,Khufra,48.65%,0.19%,1.81%,"Initiator, Crowd Control",ALL,Past 1 day,2025-12-18T13:00:26.000Z,https://akmweb.youngjoygame.com/web/svnres/img/mlbb/homepage/100_2fe99f4001211d18b3d2b95d0d3dc395.png
71,Kimmy,48.82%,0.9%,1.93%,"Damage, Magic Damage",ALL,Past 1 day,2025-12-18T13:00:26.000Z,https://akmweb.youngjoygame.com/web/svnres/img/mlbb/homepage_1_9_642/100_61295dfefd369004e5e4a7f4fc86647b.png
47,Lancelot,44.61%,1.54%,37.77%,"Chase, Burst",ALL,Past 1 day,2025-12-18T13:00:26.000Z,https://akmweb.youngjoygame.com/web/svnres/img/mlbb/homepage/100_dc4b821e49b904715172136017798da3.png
37,Lapu-Lapu,51.24%,1.31%,11.98%,"Chase, Burst",ALL,Past 1 day,2025-12-18T13:00:26.000Z,https://akmweb.youngjoygame.com/web/svnres/img/mlbb/homepage/100_28036c4584c914c5aad4d2feeafb2452.png
18,Layla,49.84%,1.49%,2.07%,"Finisher, Damage",ALL,Past 1 day,2025-12-18T13:00:26.000Z,https://akmweb.youngjoygame.com/web/svnres/img/mlbb/homepage/100_b2b38e9406ea0de0b866db7674feea0f.png
67,Leomord,48.68%,0.11%,0.16%,"Chase, Burst",ALL,Past 1 day,2025-12-18T13:00:26.000Z,https://akmweb.youngjoygame.com/web/svnres/img/mlbb/homepage/100_554cdf13a7587fe08c5deed60132c61c.png
53,Lesley,47.72%,1.72%,3.87%,"Finisher, Burst",ALL,Past 1 day,2025-12-18T13:00:26.000Z,https://akmweb.youngjoygame.com/web/svnres/img/mlbb/homepage/100_08770893183018333f54a98e63c41ee3.png
84,Ling,46.16%,0.35%,0.69%,"Chase, Burst",ALL,Past 1 day,2025-12-18T13:00:26.000Z,https://akmweb.youngjoygame.com/web/svnres/img/mlbb/homepage_92/100_017bade52b9fc94bbc12615de6d75c08.png
20,Lolita,55.86%,0.13%,4.83%,"Guard, Crowd Control",ALL,Past 1 day,2025-12-18T13:00:26.000Z,https://akmweb.youngjoygame.com/web/svnres/img/mlbb/homepage/100_474cea36a4bfdc7bf7d94530853a99b2.png
127,Lukas,47.35%,0.31%,1%,"Regen, Damage",ALL,Past 1 day,2025-12-18T13:00:26.000Z,https://akmweb.youngjoygame.com/web/svnres/img/mlbb/homepage_1_9_20/100_63040edd0cf15b815fcbbb8b2d08d7f7.png
68,Lunox,49.61%,0.48%,0.94%,"Burst, Damage",ALL,Past 1 day,2025-12-18T13:00:26.000Z,https://akmweb.youngjoygame.com/web/svnres/img/mlbb/homepage/100_e162688afdcaf3f6498af30badfe31c5.png
96,Luo Yi,47.89%,0.19%,0.12%,"Support, Crowd Control",ALL,Past 1 day,2025-12-18T13:00:26.000Z,https://akmweb.youngjoygame.com/web/svnres/img/mlbb/homepage/100_103541726507f5ce102689f04fe215e8.png
86,Lylia,49.59%,0.4%,0.33%,"Push, Damage",ALL,Past 1 day,2025-12-18T13:00:26.000Z,https://akmweb.youngjoygame.com/web/svnres/img/mlbb/homepage/100_706573f138055c3df3df94948b4f26bd.png
58,Martis,45.89%,0.6%,0.51%,"Finisher, Charge",ALL,Past 1 day,2025-12-18T13:00:26.000Z,https://akmweb.youngjoygame.com/web/svnres/img/mlbb/homepage/100_cc8124b0eb6ca22d950b000744d69fbf.png
88,Masha,54.54%,0.11%,0.18%,"Push, Damage",ALL,Past 1 day,2025-12-18T13:00:26.000Z,https://akmweb.youngjoygame.com/web/svnres/img/mlbb/homepage/100_c97a314dc260dfad1311512ddc03f936.png
102,Mathilda,45.61%,0.2%,2.48%,"Initiator, Guard",ALL,Past 1 day,2025-12-18T13:00:26.000Z,https://akmweb.youngjoygame.com/web/svnres/img/mlbb/homepage/100_24d08ed788a9f5984bcf3b732ddcaf04.png
114,Melissa,52.5%,0.52%,1.05%,"Finisher, Damage",ALL,Past 1 day,2025-12-18T13:00:26.000Z,https://akmweb.youngjoygame.com/web/svnres/img/mlbb/homepage/100_1fa7436301fea3f13fbcd4772051d22d.png
19,Minotaur,53.78%,0.67%,11.9%,Crowd Control,ALL,Past 1 day,2025-12-18T13:00:26.000Z,https://akmweb.youngjoygame.com/web/svnres/img/mlbb/homepage/100_3ecd2c0843df7ec85044dafff6bf4553.png
74,Minsitthar,50.68%,0.48%,2.28%,"Initiator, Crowd Control",ALL,Past 1 day,2025-12-18T13:00:26.000Z,https://akmweb.youngjoygame.com/web/svnres/img/mlbb/homepage/100_c5d24a1dad6cef21de2698a4ed1d80ce.png
1,Miya,49.88%,1.64%,1.59%,"Finisher, Damage",ALL,Past 1 day,2025-12-18T13:00:26.000Z,https://akmweb.youngjoygame.com/web/svnres/img/mlbb/homepage/100_da894b37bfb5cadb32307f371f31918a.png
31,Moskov,49.37%,0.7%,0.35%,"Finisher, Chase",ALL,Past 1 day,2025-12-18T13:00:26.000Z,https://akmweb.youngjoygame.com/web/svnres/img/mlbb/homepage/100_a60a866ab6752a7f66766e720da987ea.png
5,Nana,47.52%,1.42%,4.54%,"Poke, Burst",ALL,Past 1 day,2025-12-18T13:00:26.000Z,https://akmweb.youngjoygame.com/web/svnres/img/mlbb/homepage/100_ee1e0d80d87bb614a0c552ef028f85ce.png
24,Natalia,50.28%,0.32%,4.38%,"Chase, Finisher",ALL,Past 1 day,2025-12-18T13:00:26.000Z,https://akmweb.youngjoygame.com/web/svnres/img/mlbb/homepage/100_fbb5065b6ff174d1a20ccf5b7f523514.png
107,Natan,52.22%,0.52%,3.06%,"Burst, Magic Damage",ALL,Past 1 day,2025-12-18T13:00:26.000Z,https://akmweb.youngjoygame.com/web/svnres/img/mlbb/homepage/100_da02742f59013365923b216420bc4082.png
122,Nolan,49.03%,0.47%,1.27%,"Chase, Burst",ALL,Past 1 day,2025-12-18T13:00:26.000Z,https://akmweb.youngjoygame.com/web/svnres/img/mlbb/homepage/100_9012ee9f73fbb4db4e1953e5fb5172e1.png
119,Novaria,47.22%,0.39%,0.27%,"Burst, Poke",ALL,Past 1 day,2025-12-18T13:00:26.000Z,https://akmweb.youngjoygame.com/web/svnres/img/mlbb/homepage/100_57eeea6d5bd8d21229de8df79751db9f.png
130,Obsidia,52.41%,0.92%,10.16%,"Finisher, Damage",ALL,Past 1 day,2025-12-18T13:00:26.000Z,https://akmweb.youngjoygame.com/web/svnres/img/mlbb/homepage_2_1_18/100_9c3daef5625bfade5c4cb8a219845dd3.png
46,Odette,51.22%,0.9%,0.69%,"Burst, Poke",ALL,Past 1 day,2025-12-18T13:00:26.000Z,https://akmweb.youngjoygame.com/web/svnres/img/mlbb/homepage_1_9_47/100_d9251718a8894546ba04cfa9ca68dedc.png
103,Paquito,44.4%,0.26%,0.15%,"Chase, Damage",ALL,Past 1 day,2025-12-18T13:00:26.000Z,https://akmweb.youngjoygame.com/web/svnres/img/mlbb/homepage/100_e2b6d9c6d82b4a27f0bb2710c8ead3e8.png
52,Pharsa,49.13%,0.97%,1.23%,"Burst, Poke",ALL,Past 1 day,2025-12-18T13:00:26.000Z,https://akmweb.youngjoygame.com/web/svnres/img/mlbb/homepage/100_10151d43910e62f7aa9ce08df481a20f.png
106,Phoveus,50.83%,0.56%,3.07%,"Regen, Damage",ALL,Past 1 day,2025-12-18T13:00:26.000Z,https://akmweb.youngjoygame.com/web/svnres/img/mlbb/homepage_1_9_06/100_af21c0dd8b5308c27974bff900803a9a.png
94,Popol and Kupa,53.4%,0.33%,0.54%,"Push, Burst",ALL,Past 1 day,2025-12-18T13:00:26.000Z,https://akmweb.youngjoygame.com/web/svnres/img/mlbb/homepage/100_1acbb23b9a50f412104047a60eb18808.png
14,Rafaela,52.73%,0.43%,18.1%,"Regen, Guard",ALL,Past 1 day,2025-12-18T13:00:26.000Z,https://akmweb.youngjoygame.com/web/svnres/img/mlbb/homepage/100_68277dce415742c4a98883151c693a07.png
39,Roger,51.51%,0.42%,0.25%,"Finisher, Burst",ALL,Past 1 day,2025-12-18T13:00:26.000Z,https://akmweb.youngjoygame.com/web/svnres/img/mlbb/homepage/100_b40e578f13465b3ae99d0a9baac7ecc9.png
29,Ruby,53.09%,0.68%,1.14%,"Crowd Control, Regen",ALL,Past 1 day,2025-12-18T13:00:26.000Z,https://akmweb.youngjoygame.com/web/svnres/img/mlbb/homepage/100_4b96c75b136290576d849309722d4d20.png
3,Saber,50.85%,1.01%,24.44%,"Charge, Finisher",ALL,Past 1 day,2025-12-18T13:00:26.000Z,https://akmweb.youngjoygame.com/web/svnres/img/mlbb/homepage/100_6bbfac806f29d29f17fea9e98d2d2fee.png
63,Selena,45.13%,0.74%,2.12%,"Initiator, Finisher",ALL,Past 1 day,2025-12-18T13:00:26.000Z,https://akmweb.youngjoygame.com/web/svnres/img/mlbb/homepage/100_c3f967121519ae40509c5b2fdf52b19d.png
90,Silvanna,53.34%,1.2%,1.6%,"Initiator, Magic Damage",ALL,Past 1 day,2025-12-18T13:00:26.000Z,https://akmweb.youngjoygame.com/web/svnres/img/mlbb/homepage/100_5e7b297af7c6e32a420b897aa4998071.png
27,Sun,54.69%,1.5%,10.12%,"Push, Damage",ALL,Past 1 day,2025-12-18T13:00:26.000Z,https://akmweb.youngjoygame.com/web/svnres/img/mlbb/homepage/100_117b5cdcc13232157075ce7b7f6177e9.png
126,Suyou,49.56%,0.54%,0.91%,"Chase, Burst",ALL,Past 1 day,2025-12-18T13:00:26.000Z,https://akmweb.youngjoygame.com/web/svnres/img/mlbb/homepage_1_9_20/100_5e4ca70172332dde18bb1dc158ccc5c8.png
82,Terizla,52.08%,0.4%,0.53%,"Burst, Crowd Control",ALL,Past 1 day,2025-12-18T13:00:26.000Z,https://akmweb.youngjoygame.com/web/svnres/img/mlbb/homepage/100_c4bb270c28c7be663f57e993b0d6d3d8.png
72,Thamuz,52.07%,1.4%,8.72%,"Chase, Damage",ALL,Past 1 day,2025-12-18T13:00:26.000Z,https://akmweb.youngjoygame.com/web/svnres/img/mlbb/homepage_2_1_18/100_b5ad55e408b68acf6a86e7ff76f5f569.png
6,Tigreal,45.19%,1.37%,3.14%,Crowd Control,ALL,Past 1 day,2025-12-18T13:00:26.000Z,https://akmweb.youngjoygame.com/web/svnres/img/mlbb/homepage/100_8b30576754be1a4f8bebd09df8d6bec7.png
59,Uranus,50.69%,0.48%,1.78%,Regen,ALL,Past 1 day,2025-12-18T13:00:26.000Z,https://akmweb.youngjoygame.com/web/svnres/img/mlbb/homepage/100_2e15a0a506aaecd9b3de40a8cc9f7ec7.png
66,Vale,49.95%,0.56%,0.34%,"Burst, Crowd Control",ALL,Past 1 day,2025-12-18T13:00:26.000Z,https://akmweb.youngjoygame.com/web/svnres/img/mlbb/homepage/100_2a7a8d1531a1c4f8524880413535348d.png
110,Valentina,43.01%,0.11%,0.17%,"Burst, Finisher",ALL,Past 1 day,2025-12-18T13:00:26.000Z,https://akmweb.youngjoygame.com/web/svnres/img/mlbb/homepage/100_24837021ec9d7aaf41b13fa55b6d13c9.png
57,Valir,51.73%,0.84%,1.24%,"Damage, Guard",ALL,Past 1 day,2025-12-18T13:00:26.000Z,https://akmweb.youngjoygame.com/web/svnres/img/mlbb/homepage/100_bf16690876761b80822df90eb3320d69.png
38,Vexana,51.93%,2%,1.95%,"Poke, Control",ALL,Past 1 day,2025-12-18T13:00:26.000Z,https://akmweb.youngjoygame.com/web/svnres/img/mlbb/homepage/100_743edd1702084c4ed247908d698bca77.png
89,Wanwan,48.57%,0.27%,2.01%,"Finisher, Burst",ALL,Past 1 day,2025-12-18T13:00:26.000Z,https://akmweb.youngjoygame.com/web/svnres/img/mlbb/homepage_1_9_47/100_44bfa1dc44deb8d7620605faaa9ffae7.png
83,X.Borg,50.8%,1.17%,10.25%,"Regen, Burst",ALL,Past 1 day,2025-12-18T13:00:26.000Z,https://akmweb.youngjoygame.com/web/svnres/img/mlbb/homepage/100_efe9c7ed8d8f84f1bb0f88a3e08de5fc.png
115,Xavier,50.45%,0.92%,0.61%,"Damage, Burst",ALL,Past 1 day,2025-12-18T13:00:26.000Z,https://akmweb.youngjoygame.com/web/svnres/img/mlbb/homepage/100_df0a8dfc494f85ed9bbc4512cc1e5d3c.png
30,Yi Sun-shin,50.2%,1.12%,42.5%,"Finisher, Chase",ALL,Past 1 day,2025-12-18T13:00:26.000Z,https://akmweb.youngjoygame.com/web/svnres/img/mlbb/homepage/100_961378be3f498d42c25b3defd1635ad1.png
113,Yin,49.19%,0.76%,5.33%,"Burst, Control",ALL,Past 1 day,2025-12-18T13:00:26.000Z,https://akmweb.youngjoygame.com/web/svnres/img/mlbb/homepage_92/100_ee1c12c84f49514a30e405fb5c617796.png
95,Yu Zhong,50.9%,1.31%,8.3%,"Regen, Damage",ALL,Past 1 day,2025-12-18T13:00:26.000Z,https://akmweb.youngjoygame.com/web/svnres/img/mlbb/homepage_92/100_9823ce4fe5eb89c0082b24f6d5ea67f6.png
101,Yve,53.61%,0.27%,1.01%,"Poke, Burst",ALL,Past 1 day,2025-12-18T13:00:26.000Z,https://akmweb.youngjoygame.com/web/svnres/img/mlbb/homepage_92/100_d9b0a1d92b1c4b3643d6332fd66aa8e6.png
129,Zetian,49.64%,0.86%,4.33%,"Damage, Crowd Control",ALL,Past 1 day,2025-12-18T13:00:26.000Z,https://akmweb.youngjoygame.com/web/svnres/img/mlbb/homepage_1_9_90/100_8d965f05f84621a51f799aeb8fb5f4c4.png
50,Zhask,49.53%,0.29%,0.4%,"Chase, Damage",ALL,Past 1 day,2025-12-18T13:00:26.000Z,https://akmweb.youngjoygame.com/web/svnres/img/mlbb/homepage/100_d8f170087cb2d5b71bb22a0a4664a927.png
125,Zhuxin,50.24%,0.32%,3.45%,"Damage, Crowd Control",ALL,Past 1 day,2025-12-18T13:00:26.000Z,https://akmweb.youngjoygame.com/web/svnres/img/mlbb/homepage_92/100_595f85bc90df3889c711c6b1f02dc02d.png
16,Zilong,47.17%,0.8%,0.6%,"Chase, Damage",ALL,Past 1 day,2025-12-18T13:00:26.000Z,https://akmweb.youngjoygame.com/web/svnres/img/mlbb/homepage/100_9db57da4f0daef6d432676e4f19101ed.png
